{"cameraMode":{"drawMode":0,"name":"Shaded","section":"Shading Mode"},"sceneLighting":true,"audioPlay":false,"sceneViewState":{"m_AlwaysRefresh":true,"showFog":true,"showSkybox":true,"showFlares":true,"showImageEffects":true,"showParticleSystems":true,"showVisualEffectGraphs":true,"m_FxEnabled":true},"in2DMode":false,"pivot":{"x":-7.005157470703125,"y":-23.408369064331056,"z":-49.17531204223633},"rotation":{"x":0.0003598571929614991,"y":0.9478006362915039,"z":-0.3205583393573761,"w":0.005854170303791761},"size":30.478147506713868,"orthographic":false}