{"cameraMode":{"drawMode":0,"name":"Shaded","section":"Shading Mode"},"sceneLighting":true,"audioPlay":false,"sceneViewState":{"m_AlwaysRefresh":true,"showFog":true,"showSkybox":true,"showFlares":true,"showImageEffects":true,"showParticleSystems":true,"showVisualEffectGraphs":true,"m_FxEnabled":true},"in2DMode":false,"pivot":{"x":-2.826510190963745,"y":2.1720306873321535,"z":0.4869042932987213},"rotation":{"x":0.01576683297753334,"y":0.9088602662086487,"z":-0.41677749156951907,"w":0.03534252941608429},"size":4.87769889831543,"orthographic":false}