{"cameraMode":{"drawMode":0,"name":"Shaded","section":"Shading Mode"},"sceneLighting":true,"audioPlay":false,"sceneViewState":{"m_AlwaysRefresh":true,"showFog":true,"showSkybox":true,"showFlares":true,"showImageEffects":true,"showParticleSystems":true,"showVisualEffectGraphs":true,"m_FxEnabled":true},"in2DMode":false,"pivot":{"x":-4.851284027099609,"y":3.0143887996673586,"z":-1.4048272371292115},"rotation":{"x":-0.029613729566335679,"y":0.9599026441574097,"z":-0.26033589243888857,"w":-0.10559164732694626},"size":4.87769889831543,"orthographic":false}