{"cameraMode":{"drawMode":0,"name":"Shaded","section":"Shading Mode"},"sceneLighting":true,"audioPlay":false,"sceneViewState":{"m_AlwaysRefresh":true,"showFog":true,"showSkybox":true,"showFlares":true,"showImageEffects":true,"showParticleSystems":true,"showVisualEffectGraphs":true,"m_FxEnabled":true},"in2DMode":false,"pivot":{"x":-15.246365547180176,"y":8.460064888000489,"z":2.7161240577697756},"rotation":{"x":0.13120600581169129,"y":-0.8531398177146912,"z":0.25712093710899355,"w":0.4346908628940582},"size":33.488216400146487,"orthographic":false}