{"cameraMode":{"drawMode":0,"name":"Shaded","section":"Shading Mode"},"sceneLighting":true,"audioPlay":false,"sceneViewState":{"m_AlwaysRefresh":true,"showFog":true,"showSkybox":true,"showFlares":true,"showImageEffects":true,"showParticleSystems":true,"showVisualEffectGraphs":true,"m_FxEnabled":true},"in2DMode":false,"pivot":{"x":-4.704977989196777,"y":0.9671015739440918,"z":-4.275539398193359},"rotation":{"x":0.018288038671016694,"y":-0.956872820854187,"z":0.2852456867694855,"w":0.056106820702552798},"size":6.8276591300964359,"orthographic":false}