{"cameraMode":{"drawMode":0,"name":"Shaded","section":"Shading Mode"},"sceneLighting":true,"audioPlay":false,"sceneViewState":{"m_AlwaysRefresh":true,"showFog":true,"showSkybox":true,"showFlares":true,"showImageEffects":true,"showParticleSystems":true,"showVisualEffectGraphs":true,"m_FxEnabled":true},"in2DMode":false,"pivot":{"x":-10.857532501220704,"y":15.20583724975586,"z":28.687328338623048},"rotation":{"x":-0.06280173361301422,"y":0.9141301512718201,"z":-0.1505335569381714,"w":-0.37163013219833376},"size":6.5972113609313969,"orthographic":false}