{"cameraMode":{"drawMode":0,"name":"Shaded","section":"Shading Mode"},"sceneLighting":true,"audioPlay":false,"sceneViewState":{"m_AlwaysRefresh":true,"showFog":true,"showSkybox":true,"showFlares":true,"showImageEffects":true,"showParticleSystems":true,"showVisualEffectGraphs":true,"m_FxEnabled":true},"in2DMode":false,"pivot":{"x":-3.924229621887207,"y":-1.662704348564148,"z":0.39055171608924868},"rotation":{"x":0.034877657890319827,"y":-0.8552528023719788,"z":0.514641284942627,"w":0.05489036813378334},"size":7.048652648925781,"orthographic":false}