{"cameraMode":{"drawMode":0,"name":"Shaded","section":"Shading Mode"},"sceneLighting":true,"audioPlay":false,"sceneViewState":{"m_AlwaysRefresh":true,"showFog":true,"showSkybox":true,"showFlares":true,"showImageEffects":true,"showParticleSystems":true,"showVisualEffectGraphs":true,"m_FxEnabled":true},"in2DMode":false,"pivot":{"x":-6.182814121246338,"y":-19.94610595703125,"z":-37.426910400390628},"rotation":{"x":0.0055009485222399239,"y":0.9359847903251648,"z":-0.3530181050300598,"w":0.02001591958105564},"size":24.077722549438478,"orthographic":false}