{"cameraMode":{"drawMode":0,"name":"Shaded","section":"Shading Mode"},"sceneLighting":true,"audioPlay":false,"sceneViewState":{"m_AlwaysRefresh":true,"showFog":true,"showSkybox":true,"showFlares":true,"showImageEffects":true,"showParticleSystems":true,"showVisualEffectGraphs":true,"m_FxEnabled":true},"in2DMode":false,"pivot":{"x":-6.776247024536133,"y":11.453861236572266,"z":-2.9832003116607668},"rotation":{"x":-0.09144271910190582,"y":0.9093030691146851,"z":-0.26927852630615237,"w":-0.30438658595085146},"size":2.750166654586792,"orthographic":false}