{"cameraMode":{"drawMode":0,"name":"Shaded","section":"Shading Mode"},"sceneLighting":true,"audioPlay":false,"sceneViewState":{"m_AlwaysRefresh":true,"showFog":true,"showSkybox":true,"showFlares":true,"showImageEffects":true,"showParticleSystems":true,"showVisualEffectGraphs":true,"m_FxEnabled":true},"in2DMode":false,"pivot":{"x":-7.1368408203125,"y":11.165700912475586,"z":-2.830265998840332},"rotation":{"x":0.0026950216852128507,"y":-0.960361123085022,"z":0.2788952887058258,"w":0.011915701441466809},"size":1.4660253524780274,"orthographic":false}