{"cameraMode":{"drawMode":0,"name":"Shaded","section":"Shading Mode"},"sceneLighting":false,"audioPlay":false,"sceneViewState":{"m_AlwaysRefresh":true,"showFog":true,"showSkybox":false,"showFlares":true,"showImageEffects":true,"showParticleSystems":true,"showVisualEffectGraphs":true,"m_FxEnabled":true},"in2DMode":false,"pivot":{"x":-7.548999786376953,"y":10.98550033569336,"z":-3.812000036239624},"rotation":{"x":0.0003598571929614991,"y":0.9478006362915039,"z":-0.3205583393573761,"w":0.005854170303791761},"size":0.377698689699173,"orthographic":false}